month,Type_user,Location,Gender,Age,users,txn,revenue
2020-01,Current,HCMC,FEMALE,18_to_22,18,18,10400.0
2020-01,Current,HCMC,FEMALE,23_to_27,43,43,58500.0
2020-01,Current,HCMC,FEMALE,28_to_32,36,36,45700.0
2020-01,Current,HCMC,FEMALE,33_to_37,19,19,46227.020000000004
2020-01,Current,HCMC,FEMALE,>37,14,14,36700.0
2020-01,Current,HCMC,FEMALE,unknown,23,23,27000.0
2020-01,Current,HCMC,MALE,18_to_22,17,17,14600.0
2020-01,Current,HCMC,MALE,23_to_27,50,50,56200.0
2020-01,Current,HCMC,MALE,28_to_32,41,41,71700.0
2020-01,Current,HCMC,MALE,33_to_37,28,28,62500.0
2020-01,Current,HCMC,MALE,>37,15,15,16000.0
2020-01,Current,HCMC,MALE,unknown,19,19,39300.0
2020-01,Current,HN,FEMALE,18_to_22,15,15,8100.0
2020-01,Current,HN,FEMALE,23_to_27,20,20,23300.0
2020-01,Current,HN,FEMALE,28_to_32,8,8,7000.0
2020-01,Current,HN,FEMALE,33_to_37,6,6,4400.0
2020-01,Current,HN,FEMALE,>37,10,10,10800.0
2020-01,Current,HN,FEMALE,unknown,14,14,10200.0
2020-01,Current,HN,MALE,18_to_22,10,10,9400.0
2020-01,Current,HN,MALE,23_to_27,20,20,35000.0
2020-01,Current,HN,MALE,28_to_32,7,7,6500.0
2020-01,Current,HN,MALE,33_to_37,7,7,15000.0
2020-01,Current,HN,MALE,>37,10,10,16000.0
2020-01,Current,HN,MALE,unknown,7,7,11000.0
2020-01,Current,Other Cities,FEMALE,18_to_22,16,16,14400.0
2020-01,Current,Other Cities,FEMALE,23_to_27,44,44,58500.0
2020-01,Current,Other Cities,FEMALE,28_to_32,30,30,42600.0
2020-01,Current,Other Cities,FEMALE,33_to_37,17,17,24100.0
2020-01,Current,Other Cities,FEMALE,>37,7,7,10900.0
2020-01,Current,Other Cities,FEMALE,unknown,49,49,59000.0
2020-01,Current,Other Cities,MALE,18_to_22,30,30,35100.0
2020-01,Current,Other Cities,MALE,23_to_27,87,87,122200.0
2020-01,Current,Other Cities,MALE,28_to_32,75,75,142500.0
2020-01,Current,Other Cities,MALE,33_to_37,24,24,34000.0
2020-01,Current,Other Cities,MALE,>37,18,18,37300.0
2020-01,Current,Other Cities,MALE,unknown,61,61,90000.0
2020-01,New,HCMC,FEMALE,18_to_22,0,0,0.0
2020-01,New,HCMC,FEMALE,23_to_27,5,5,8600.0
2020-01,New,HCMC,FEMALE,28_to_32,2,2,1200.0
2020-01,New,HCMC,FEMALE,33_to_37,1,1,6000.0
2020-01,New,HCMC,FEMALE,>37,0,0,0.0
2020-01,New,HCMC,FEMALE,unknown,1,1,600.0
2020-01,New,HCMC,MALE,18_to_22,2,2,2200.0
2020-01,New,HCMC,MALE,23_to_27,2,2,1600.0
2020-01,New,HCMC,MALE,28_to_32,1,1,800.0
2020-01,New,HCMC,MALE,33_to_37,0,0,0.0
2020-01,New,HCMC,MALE,>37,1,1,300.0
2020-01,New,HCMC,MALE,unknown,1,1,1500.0
2020-01,New,HN,FEMALE,18_to_22,2,2,600.0
2020-01,New,HN,FEMALE,23_to_27,2,2,1200.0
2020-01,New,HN,FEMALE,28_to_32,0,0,0.0
2020-01,New,HN,FEMALE,33_to_37,1,1,600.0
2020-01,New,HN,FEMALE,>37,0,0,0.0
2020-01,New,HN,FEMALE,unknown,3,3,2400.0
2020-01,New,HN,MALE,18_to_22,0,0,0.0
2020-01,New,HN,MALE,23_to_27,0,0,0.0
2020-01,New,HN,MALE,28_to_32,3,3,4800.0
2020-01,New,HN,MALE,33_to_37,0,0,0.0
2020-01,New,HN,MALE,>37,1,1,400.0
2020-01,New,HN,MALE,unknown,2,2,600.0
2020-01,New,Other Cities,FEMALE,18_to_22,0,0,0.0
2020-01,New,Other Cities,FEMALE,23_to_27,7,7,12000.0
2020-01,New,Other Cities,FEMALE,28_to_32,2,2,2600.0
2020-01,New,Other Cities,FEMALE,33_to_37,2,2,1600.0
2020-01,New,Other Cities,FEMALE,>37,1,1,200.0
2020-01,New,Other Cities,FEMALE,unknown,11,11,7500.0
2020-01,New,Other Cities,MALE,18_to_22,5,5,3700.0
2020-01,New,Other Cities,MALE,23_to_27,6,6,3200.0
2020-01,New,Other Cities,MALE,28_to_32,8,8,13500.0
2020-01,New,Other Cities,MALE,33_to_37,5,5,4800.0
2020-01,New,Other Cities,MALE,>37,0,0,0.0
2020-01,New,Other Cities,MALE,unknown,8,8,15200.0
2020-02,Current,HCMC,FEMALE,18_to_22,22,22,14900.0
2020-02,Current,HCMC,FEMALE,23_to_27,37,37,33000.0
2020-02,Current,HCMC,FEMALE,28_to_32,32,32,36600.0
2020-02,Current,HCMC,FEMALE,33_to_37,16,16,30300.0
2020-02,Current,HCMC,FEMALE,>37,4,4,11800.0
2020-02,Current,HCMC,FEMALE,unknown,30,30,33000.0
2020-02,Current,HCMC,MALE,18_to_22,26,26,19400.0
2020-02,Current,HCMC,MALE,23_to_27,55,55,67500.0
2020-02,Current,HCMC,MALE,28_to_32,54,54,90200.0
2020-02,Current,HCMC,MALE,33_to_37,29,29,49300.0
2020-02,Current,HCMC,MALE,>37,21,22,43100.0
2020-02,Current,HCMC,MALE,unknown,19,19,25000.0
2020-02,Current,HN,FEMALE,18_to_22,6,6,7400.0
2020-02,Current,HN,FEMALE,23_to_27,10,10,10300.0
2020-02,Current,HN,FEMALE,28_to_32,1,1,2000.0
2020-02,Current,HN,FEMALE,33_to_37,7,7,5200.0
2020-02,Current,HN,FEMALE,>37,4,4,14000.0
2020-02,Current,HN,FEMALE,unknown,9,9,24200.0
2020-02,Current,HN,MALE,18_to_22,6,6,7800.0
2020-02,Current,HN,MALE,23_to_27,14,14,12500.0
2020-02,Current,HN,MALE,28_to_32,18,18,36000.0
2020-02,Current,HN,MALE,33_to_37,9,9,19000.0
2020-02,Current,HN,MALE,>37,6,6,10200.0
2020-02,Current,HN,MALE,unknown,7,7,10700.0
2020-02,Current,Other Cities,FEMALE,18_to_22,28,28,28600.0
2020-02,Current,Other Cities,FEMALE,23_to_27,46,46,54900.0
2020-02,Current,Other Cities,FEMALE,28_to_32,34,35,45900.0
2020-02,Current,Other Cities,FEMALE,33_to_37,17,17,22100.0
2020-02,Current,Other Cities,FEMALE,>37,9,9,12200.0
2020-02,Current,Other Cities,FEMALE,unknown,32,32,42600.0
2020-02,Current,Other Cities,MALE,18_to_22,22,22,19400.0
2020-02,Current,Other Cities,MALE,23_to_27,78,78,164900.0
2020-02,Current,Other Cities,MALE,28_to_32,86,87,127500.0
2020-02,Current,Other Cities,MALE,33_to_37,25,25,41100.0
2020-02,Current,Other Cities,MALE,>37,20,20,59800.0
2020-02,Current,Other Cities,MALE,unknown,39,39,50600.0
2020-02,New,HCMC,FEMALE,18_to_22,1,1,1000.0
2020-02,New,HCMC,FEMALE,23_to_27,3,3,1800.0
2020-02,New,HCMC,FEMALE,28_to_32,3,3,3000.0
2020-02,New,HCMC,FEMALE,33_to_37,1,1,600.0
2020-02,New,HCMC,FEMALE,>37,1,1,800.0
2020-02,New,HCMC,FEMALE,unknown,2,2,4800.0
2020-02,New,HCMC,MALE,18_to_22,2,2,2300.0
2020-02,New,HCMC,MALE,23_to_27,5,5,4900.0
2020-02,New,HCMC,MALE,28_to_32,2,2,1500.0
2020-02,New,HCMC,MALE,33_to_37,2,2,3400.0
2020-02,New,HCMC,MALE,>37,0,0,0.0
2020-02,New,HCMC,MALE,unknown,1,1,3000.0
2020-02,New,HN,FEMALE,18_to_22,2,2,800.0
2020-02,New,HN,FEMALE,23_to_27,0,0,0.0
2020-02,New,HN,FEMALE,28_to_32,2,2,800.0
2020-02,New,HN,FEMALE,33_to_37,0,0,0.0
2020-02,New,HN,FEMALE,>37,1,1,600.0
2020-02,New,HN,FEMALE,unknown,1,1,4000.0
2020-02,New,HN,MALE,18_to_22,2,2,2600.0
2020-02,New,HN,MALE,23_to_27,0,0,0.0
2020-02,New,HN,MALE,28_to_32,0,0,0.0
2020-02,New,HN,MALE,33_to_37,0,0,0.0
2020-02,New,HN,MALE,>37,0,0,0.0
2020-02,New,HN,MALE,unknown,0,0,0.0
2020-02,New,Other Cities,FEMALE,18_to_22,7,7,4300.0
2020-02,New,Other Cities,FEMALE,23_to_27,7,7,8400.0
2020-02,New,Other Cities,FEMALE,28_to_32,4,4,2400.0
2020-02,New,Other Cities,FEMALE,33_to_37,0,0,0.0
2020-02,New,Other Cities,FEMALE,>37,1,1,1500.0
2020-02,New,Other Cities,FEMALE,unknown,10,10,7700.0
2020-02,New,Other Cities,MALE,18_to_22,5,5,2600.0
2020-02,New,Other Cities,MALE,23_to_27,11,11,11000.0
2020-02,New,Other Cities,MALE,28_to_32,5,5,4700.0
2020-02,New,Other Cities,MALE,33_to_37,5,5,14200.0
2020-02,New,Other Cities,MALE,>37,1,1,600.0
2020-02,New,Other Cities,MALE,unknown,4,4,2200.0
2020-03,Current,HCMC,FEMALE,18_to_22,20,20,18600.0
2020-03,Current,HCMC,FEMALE,23_to_27,47,47,45400.0
2020-03,Current,HCMC,FEMALE,28_to_32,34,34,48700.0
2020-03,Current,HCMC,FEMALE,33_to_37,13,13,33300.0
2020-03,Current,HCMC,FEMALE,>37,15,15,24000.0
2020-03,Current,HCMC,FEMALE,unknown,20,20,31100.0
2020-03,Current,HCMC,MALE,18_to_22,23,23,53700.0
2020-03,Current,HCMC,MALE,23_to_27,57,57,67600.0
2020-03,Current,HCMC,MALE,28_to_32,58,58,102500.0
2020-03,Current,HCMC,MALE,33_to_37,22,22,53100.0
2020-03,Current,HCMC,MALE,>37,20,20,56300.0
2020-03,Current,HCMC,MALE,unknown,21,21,29800.0
2020-03,Current,HN,FEMALE,18_to_22,6,6,5600.0
2020-03,Current,HN,FEMALE,23_to_27,20,20,22900.0
2020-03,Current,HN,FEMALE,28_to_32,4,4,14200.0
2020-03,Current,HN,FEMALE,33_to_37,3,3,2300.0
2020-03,Current,HN,FEMALE,>37,3,3,8400.0
2020-03,Current,HN,FEMALE,unknown,11,11,8800.0
2020-03,Current,HN,MALE,18_to_22,6,6,2600.0
2020-03,Current,HN,MALE,23_to_27,22,22,40200.0
2020-03,Current,HN,MALE,28_to_32,13,13,32000.0
2020-03,Current,HN,MALE,33_to_37,6,6,5100.0
2020-03,Current,HN,MALE,>37,5,5,9400.0
2020-03,Current,HN,MALE,unknown,14,14,14800.0
2020-03,Current,Other Cities,FEMALE,18_to_22,23,23,19300.0
2020-03,Current,Other Cities,FEMALE,23_to_27,52,52,67700.0
2020-03,Current,Other Cities,FEMALE,28_to_32,47,47,47100.0
2020-03,Current,Other Cities,FEMALE,33_to_37,16,16,25800.0
2020-03,Current,Other Cities,FEMALE,>37,9,9,13300.0
2020-03,Current,Other Cities,FEMALE,unknown,47,47,77000.0
2020-03,Current,Other Cities,MALE,18_to_22,27,27,22200.0
2020-03,Current,Other Cities,MALE,23_to_27,94,94,144700.0
2020-03,Current,Other Cities,MALE,28_to_32,87,87,127400.0
2020-03,Current,Other Cities,MALE,33_to_37,38,38,57900.0
2020-03,Current,Other Cities,MALE,>37,15,15,31400.0
2020-03,Current,Other Cities,MALE,unknown,67,67,108700.0
2020-03,New,HCMC,FEMALE,18_to_22,1,1,1000.0
2020-03,New,HCMC,FEMALE,23_to_27,1,1,400.0
2020-03,New,HCMC,FEMALE,28_to_32,3,3,1900.0
2020-03,New,HCMC,FEMALE,33_to_37,1,1,3000.0
2020-03,New,HCMC,FEMALE,>37,0,0,0.0
2020-03,New,HCMC,FEMALE,unknown,3,3,1400.0
2020-03,New,HCMC,MALE,18_to_22,3,3,3000.0
2020-03,New,HCMC,MALE,23_to_27,5,5,9200.0
2020-03,New,HCMC,MALE,28_to_32,3,3,1400.0
2020-03,New,HCMC,MALE,33_to_37,4,4,2000.0
2020-03,New,HCMC,MALE,>37,0,0,0.0
2020-03,New,HCMC,MALE,unknown,4,4,3000.0
2020-03,New,HN,FEMALE,18_to_22,1,1,1000.0
2020-03,New,HN,FEMALE,23_to_27,1,1,600.0
2020-03,New,HN,FEMALE,28_to_32,0,0,0.0
2020-03,New,HN,FEMALE,33_to_37,0,0,0.0
2020-03,New,HN,FEMALE,>37,0,0,0.0
2020-03,New,HN,FEMALE,unknown,2,2,600.0
2020-03,New,HN,MALE,18_to_22,2,2,1000.0
2020-03,New,HN,MALE,23_to_27,2,2,3200.0
2020-03,New,HN,MALE,28_to_32,1,1,1000.0
2020-03,New,HN,MALE,33_to_37,0,0,0.0
2020-03,New,HN,MALE,>37,2,2,4000.0
2020-03,New,HN,MALE,unknown,0,0,0.0
2020-03,New,Other Cities,FEMALE,18_to_22,6,6,2000.0
2020-03,New,Other Cities,FEMALE,23_to_27,4,4,3300.0
2020-03,New,Other Cities,FEMALE,28_to_32,0,0,0.0
2020-03,New,Other Cities,FEMALE,33_to_37,1,1,400.0
2020-03,New,Other Cities,FEMALE,>37,0,0,0.0
2020-03,New,Other Cities,FEMALE,unknown,8,8,4200.0
2020-03,New,Other Cities,MALE,18_to_22,5,5,2300.0
2020-03,New,Other Cities,MALE,23_to_27,9,9,21600.0
2020-03,New,Other Cities,MALE,28_to_32,14,14,18800.0
2020-03,New,Other Cities,MALE,33_to_37,6,6,2300.0
2020-03,New,Other Cities,MALE,>37,2,2,2000.0
2020-03,New,Other Cities,MALE,unknown,19,19,16500.0
2020-04,Current,HCMC,FEMALE,18_to_22,29,29,27700.0
2020-04,Current,HCMC,FEMALE,23_to_27,42,42,36300.0
2020-04,Current,HCMC,FEMALE,28_to_32,39,39,44400.0
2020-04,Current,HCMC,FEMALE,33_to_37,14,14,118200.0
2020-04,Current,HCMC,FEMALE,>37,20,20,28100.0
2020-04,Current,HCMC,FEMALE,unknown,30,30,35500.0
2020-04,Current,HCMC,MALE,18_to_22,13,13,17900.0
2020-04,Current,HCMC,MALE,23_to_27,49,49,54000.0
2020-04,Current,HCMC,MALE,28_to_32,35,35,59000.0
2020-04,Current,HCMC,MALE,33_to_37,18,18,28400.0
2020-04,Current,HCMC,MALE,>37,23,23,65400.0
2020-04,Current,HCMC,MALE,unknown,39,39,56000.0
2020-04,Current,HN,FEMALE,18_to_22,6,6,5200.0
2020-04,Current,HN,FEMALE,23_to_27,14,14,16600.0
2020-04,Current,HN,FEMALE,28_to_32,7,7,8400.0
2020-04,Current,HN,FEMALE,33_to_37,2,2,2300.0
2020-04,Current,HN,FEMALE,>37,2,2,2500.0
2020-04,Current,HN,FEMALE,unknown,5,5,10800.0
2020-04,Current,HN,MALE,18_to_22,4,4,21800.0
2020-04,Current,HN,MALE,23_to_27,22,22,36200.0
2020-04,Current,HN,MALE,28_to_32,12,12,12600.0
2020-04,Current,HN,MALE,33_to_37,8,8,12700.0
2020-04,Current,HN,MALE,>37,3,3,1800.0
2020-04,Current,HN,MALE,unknown,7,7,10100.0
2020-04,Current,Other Cities,FEMALE,18_to_22,20,20,11800.0
2020-04,Current,Other Cities,FEMALE,23_to_27,63,63,71800.0
2020-04,Current,Other Cities,FEMALE,28_to_32,39,39,66200.0
2020-04,Current,Other Cities,FEMALE,33_to_37,17,17,27700.0
2020-04,Current,Other Cities,FEMALE,>37,8,8,8200.0
2020-04,Current,Other Cities,FEMALE,unknown,48,48,57600.0
2020-04,Current,Other Cities,MALE,18_to_22,33,33,38700.0
2020-04,Current,Other Cities,MALE,23_to_27,91,91,112200.0
2020-04,Current,Other Cities,MALE,28_to_32,66,66,94900.0
2020-04,Current,Other Cities,MALE,33_to_37,44,44,67100.0
2020-04,Current,Other Cities,MALE,>37,16,16,32500.0
2020-04,Current,Other Cities,MALE,unknown,58,58,94900.0
2020-04,New,HCMC,FEMALE,18_to_22,1,1,200.0
2020-04,New,HCMC,FEMALE,23_to_27,1,1,300.0
2020-04,New,HCMC,FEMALE,28_to_32,1,1,300.0
2020-04,New,HCMC,FEMALE,33_to_37,1,1,2000.0
2020-04,New,HCMC,FEMALE,>37,3,3,2500.0
2020-04,New,HCMC,FEMALE,unknown,1,1,200.0
2020-04,New,HCMC,MALE,18_to_22,4,4,3500.0
2020-04,New,HCMC,MALE,23_to_27,2,2,2000.0
2020-04,New,HCMC,MALE,28_to_32,1,1,2000.0
2020-04,New,HCMC,MALE,33_to_37,4,4,5300.0
2020-04,New,HCMC,MALE,>37,2,2,3200.0
2020-04,New,HCMC,MALE,unknown,0,0,0.0
2020-04,New,HN,FEMALE,18_to_22,0,0,0.0
2020-04,New,HN,FEMALE,23_to_27,0,0,0.0
2020-04,New,HN,FEMALE,28_to_32,0,0,0.0
2020-04,New,HN,FEMALE,33_to_37,1,1,800.0
2020-04,New,HN,FEMALE,>37,0,0,0.0
2020-04,New,HN,FEMALE,unknown,1,1,200.0
2020-04,New,HN,MALE,18_to_22,1,1,400.0
2020-04,New,HN,MALE,23_to_27,1,1,400.0
2020-04,New,HN,MALE,28_to_32,0,0,0.0
2020-04,New,HN,MALE,33_to_37,0,0,0.0
2020-04,New,HN,MALE,>37,0,0,0.0
2020-04,New,HN,MALE,unknown,2,2,3000.0
2020-04,New,Other Cities,FEMALE,18_to_22,4,4,1800.0
2020-04,New,Other Cities,FEMALE,23_to_27,7,7,2600.0
2020-04,New,Other Cities,FEMALE,28_to_32,8,8,7600.0
2020-04,New,Other Cities,FEMALE,33_to_37,1,1,600.0
2020-04,New,Other Cities,FEMALE,>37,1,1,400.0
2020-04,New,Other Cities,FEMALE,unknown,5,5,5200.0
2020-04,New,Other Cities,MALE,18_to_22,2,2,20200.0
2020-04,New,Other Cities,MALE,23_to_27,8,8,12000.0
2020-04,New,Other Cities,MALE,28_to_32,6,6,8200.0
2020-04,New,Other Cities,MALE,33_to_37,2,2,2400.0
2020-04,New,Other Cities,MALE,>37,2,2,1000.0
2020-04,New,Other Cities,MALE,unknown,8,8,4500.0
2020-05,Current,HCMC,FEMALE,18_to_22,21,21,20700.0
2020-05,Current,HCMC,FEMALE,23_to_27,41,41,57100.0
2020-05,Current,HCMC,FEMALE,28_to_32,21,21,28800.0
2020-05,Current,HCMC,FEMALE,33_to_37,25,25,45400.0
2020-05,Current,HCMC,FEMALE,>37,17,17,37100.0
2020-05,Current,HCMC,FEMALE,unknown,16,16,25500.0
2020-05,Current,HCMC,MALE,18_to_22,22,22,20200.0
2020-05,Current,HCMC,MALE,23_to_27,55,55,51200.0
2020-05,Current,HCMC,MALE,28_to_32,53,53,95100.0
2020-05,Current,HCMC,MALE,33_to_37,42,42,83900.0
2020-05,Current,HCMC,MALE,>37,17,17,25000.0
2020-05,Current,HCMC,MALE,unknown,16,16,21900.0
2020-05,Current,HN,FEMALE,18_to_22,8,8,5600.0
2020-05,Current,HN,FEMALE,23_to_27,15,15,14600.0
2020-05,Current,HN,FEMALE,28_to_32,8,8,11000.0
2020-05,Current,HN,FEMALE,33_to_37,5,5,6200.0
2020-05,Current,HN,FEMALE,>37,4,4,8200.0
2020-05,Current,HN,FEMALE,unknown,8,8,9600.0
2020-05,Current,HN,MALE,18_to_22,10,10,6200.0
2020-05,Current,HN,MALE,23_to_27,20,20,30800.0
2020-05,Current,HN,MALE,28_to_32,17,17,30000.0
2020-05,Current,HN,MALE,33_to_37,9,9,10000.0
2020-05,Current,HN,MALE,>37,3,3,2400.0
2020-05,Current,HN,MALE,unknown,9,9,6100.0
2020-05,Current,Other Cities,FEMALE,18_to_22,31,31,21000.0
2020-05,Current,Other Cities,FEMALE,23_to_27,55,55,83200.0
2020-05,Current,Other Cities,FEMALE,28_to_32,36,36,43800.0
2020-05,Current,Other Cities,FEMALE,33_to_37,27,27,33600.0
2020-05,Current,Other Cities,FEMALE,>37,12,12,17800.0
2020-05,Current,Other Cities,FEMALE,unknown,58,58,72800.0
2020-05,Current,Other Cities,MALE,18_to_22,44,44,41500.0
2020-05,Current,Other Cities,MALE,23_to_27,99,99,118500.0
2020-05,Current,Other Cities,MALE,28_to_32,93,93,113400.0
2020-05,Current,Other Cities,MALE,33_to_37,42,42,54800.0
2020-05,Current,Other Cities,MALE,>37,20,20,66000.0
2020-05,Current,Other Cities,MALE,unknown,53,53,77600.0
2020-05,New,HCMC,FEMALE,18_to_22,0,0,0.0
2020-05,New,HCMC,FEMALE,23_to_27,2,2,2600.0
2020-05,New,HCMC,FEMALE,28_to_32,3,3,8000.0
2020-05,New,HCMC,FEMALE,33_to_37,1,1,200.0
2020-05,New,HCMC,FEMALE,>37,1,1,600.0
2020-05,New,HCMC,FEMALE,unknown,0,0,0.0
2020-05,New,HCMC,MALE,18_to_22,1,1,600.0
2020-05,New,HCMC,MALE,23_to_27,2,2,1700.0
2020-05,New,HCMC,MALE,28_to_32,3,3,3800.0
2020-05,New,HCMC,MALE,33_to_37,0,0,0.0
2020-05,New,HCMC,MALE,>37,1,1,800.0
2020-05,New,HCMC,MALE,unknown,3,3,1100.0
2020-05,New,HN,FEMALE,18_to_22,0,0,0.0
2020-05,New,HN,FEMALE,23_to_27,0,0,0.0
2020-05,New,HN,FEMALE,28_to_32,0,0,0.0
2020-05,New,HN,FEMALE,33_to_37,0,0,0.0
2020-05,New,HN,FEMALE,>37,1,1,600.0
2020-05,New,HN,FEMALE,unknown,1,1,600.0
2020-05,New,HN,MALE,18_to_22,0,0,0.0
2020-05,New,HN,MALE,23_to_27,2,2,800.0
2020-05,New,HN,MALE,28_to_32,0,0,0.0
2020-05,New,HN,MALE,33_to_37,0,0,0.0
2020-05,New,HN,MALE,>37,0,0,0.0
2020-05,New,HN,MALE,unknown,2,2,600.0
2020-05,New,Other Cities,FEMALE,18_to_22,1,1,600.0
2020-05,New,Other Cities,FEMALE,23_to_27,3,3,1000.0
2020-05,New,Other Cities,FEMALE,28_to_32,1,1,300.0
2020-05,New,Other Cities,FEMALE,33_to_37,2,2,1400.0
2020-05,New,Other Cities,FEMALE,>37,1,1,200.0
2020-05,New,Other Cities,FEMALE,unknown,8,8,4500.0
2020-05,New,Other Cities,MALE,18_to_22,7,7,7000.0
2020-05,New,Other Cities,MALE,23_to_27,4,4,4800.0
2020-05,New,Other Cities,MALE,28_to_32,2,2,1200.0
2020-05,New,Other Cities,MALE,33_to_37,10,10,16600.0
2020-05,New,Other Cities,MALE,>37,3,3,2600.0
2020-05,New,Other Cities,MALE,unknown,7,7,4900.0
2020-06,Current,HCMC,FEMALE,18_to_22,13,13,11300.0
2020-06,Current,HCMC,FEMALE,23_to_27,40,40,42800.0
2020-06,Current,HCMC,FEMALE,28_to_32,33,33,70300.0
2020-06,Current,HCMC,FEMALE,33_to_37,19,19,26800.0
2020-06,Current,HCMC,FEMALE,>37,21,21,52100.0
2020-06,Current,HCMC,FEMALE,unknown,21,21,25400.0
2020-06,Current,HCMC,MALE,18_to_22,30,30,26500.0
2020-06,Current,HCMC,MALE,23_to_27,50,51,60200.0
2020-06,Current,HCMC,MALE,28_to_32,47,47,65200.0
2020-06,Current,HCMC,MALE,33_to_37,27,27,42500.0
2020-06,Current,HCMC,MALE,>37,26,26,35500.0
2020-06,Current,HCMC,MALE,unknown,19,19,39500.0
2020-06,Current,HN,FEMALE,18_to_22,13,13,9400.0
2020-06,Current,HN,FEMALE,23_to_27,10,10,9700.0
2020-06,Current,HN,FEMALE,28_to_32,8,8,9300.0
2020-06,Current,HN,FEMALE,33_to_37,7,7,6800.0
2020-06,Current,HN,FEMALE,>37,5,5,15400.0
2020-06,Current,HN,FEMALE,unknown,4,4,2800.0
2020-06,Current,HN,MALE,18_to_22,15,15,16400.0
2020-06,Current,HN,MALE,23_to_27,15,15,9900.0
2020-06,Current,HN,MALE,28_to_32,13,13,29800.0
2020-06,Current,HN,MALE,33_to_37,9,9,16100.0
2020-06,Current,HN,MALE,>37,9,9,11400.0
2020-06,Current,HN,MALE,unknown,10,10,17000.0
2020-06,Current,Other Cities,FEMALE,18_to_22,25,25,15600.0
2020-06,Current,Other Cities,FEMALE,23_to_27,64,64,89600.0
2020-06,Current,Other Cities,FEMALE,28_to_32,66,66,94300.0
2020-06,Current,Other Cities,FEMALE,33_to_37,26,26,34100.0
2020-06,Current,Other Cities,FEMALE,>37,16,16,48300.0
2020-06,Current,Other Cities,FEMALE,unknown,63,63,93000.0
2020-06,Current,Other Cities,MALE,18_to_22,42,43,34100.0
2020-06,Current,Other Cities,MALE,23_to_27,81,81,94100.0
2020-06,Current,Other Cities,MALE,28_to_32,74,74,135600.0
2020-06,Current,Other Cities,MALE,33_to_37,49,49,98600.0
2020-06,Current,Other Cities,MALE,>37,33,33,71000.0
2020-06,Current,Other Cities,MALE,unknown,51,51,72200.0
2020-06,New,HCMC,FEMALE,18_to_22,2,2,500.0
2020-06,New,HCMC,FEMALE,23_to_27,1,1,400.0
2020-06,New,HCMC,FEMALE,28_to_32,1,1,300.0
2020-06,New,HCMC,FEMALE,33_to_37,1,1,800.0
2020-06,New,HCMC,FEMALE,>37,0,0,0.0
2020-06,New,HCMC,FEMALE,unknown,5,5,3600.0
2020-06,New,HCMC,MALE,18_to_22,0,0,0.0
2020-06,New,HCMC,MALE,23_to_27,2,2,13000.0
2020-06,New,HCMC,MALE,28_to_32,1,1,4000.0
2020-06,New,HCMC,MALE,33_to_37,2,2,1200.0
2020-06,New,HCMC,MALE,>37,0,0,0.0
2020-06,New,HCMC,MALE,unknown,0,0,0.0
2020-06,New,HN,FEMALE,18_to_22,2,2,11000.0
2020-06,New,HN,FEMALE,23_to_27,1,1,1000.0
2020-06,New,HN,FEMALE,28_to_32,0,0,0.0
2020-06,New,HN,FEMALE,33_to_37,1,1,400.0
2020-06,New,HN,FEMALE,>37,1,1,800.0
2020-06,New,HN,FEMALE,unknown,0,0,0.0
2020-06,New,HN,MALE,18_to_22,1,1,300.0
2020-06,New,HN,MALE,23_to_27,0,0,0.0
2020-06,New,HN,MALE,28_to_32,0,0,0.0
2020-06,New,HN,MALE,33_to_37,0,0,0.0
2020-06,New,HN,MALE,>37,0,0,0.0
2020-06,New,HN,MALE,unknown,2,2,3400.0
2020-06,New,Other Cities,FEMALE,18_to_22,7,7,3500.0
2020-06,New,Other Cities,FEMALE,23_to_27,2,2,1200.0
2020-06,New,Other Cities,FEMALE,28_to_32,5,5,2600.0
2020-06,New,Other Cities,FEMALE,33_to_37,0,0,0.0
2020-06,New,Other Cities,FEMALE,>37,3,3,2700.0
2020-06,New,Other Cities,FEMALE,unknown,7,7,4200.0
2020-06,New,Other Cities,MALE,18_to_22,1,1,400.0
2020-06,New,Other Cities,MALE,23_to_27,3,3,17800.0
2020-06,New,Other Cities,MALE,28_to_32,2,2,1000.0
2020-06,New,Other Cities,MALE,33_to_37,1,1,2000.0
2020-06,New,Other Cities,MALE,>37,3,3,1700.0
2020-06,New,Other Cities,MALE,unknown,5,5,6800.0
2020-07,Current,HCMC,FEMALE,18_to_22,14,14,9800.0
2020-07,Current,HCMC,FEMALE,23_to_27,40,40,55800.0
2020-07,Current,HCMC,FEMALE,28_to_32,24,25,45200.0
2020-07,Current,HCMC,FEMALE,33_to_37,22,22,42200.0
2020-07,Current,HCMC,FEMALE,>37,26,26,44300.0
2020-07,Current,HCMC,FEMALE,unknown,29,29,45900.0
2020-07,Current,HCMC,MALE,18_to_22,20,20,15700.0
2020-07,Current,HCMC,MALE,23_to_27,60,60,56100.0
2020-07,Current,HCMC,MALE,28_to_32,50,51,87300.0
2020-07,Current,HCMC,MALE,33_to_37,25,26,39100.0
2020-07,Current,HCMC,MALE,>37,21,21,30000.0
2020-07,Current,HCMC,MALE,unknown,17,17,22000.0
2020-07,Current,HN,FEMALE,18_to_22,11,11,16700.0
2020-07,Current,HN,FEMALE,23_to_27,8,8,19200.0
2020-07,Current,HN,FEMALE,28_to_32,4,4,4200.0
2020-07,Current,HN,FEMALE,33_to_37,0,0,0.0
2020-07,Current,HN,FEMALE,>37,6,6,9800.0
2020-07,Current,HN,FEMALE,unknown,12,12,15600.0
2020-07,Current,HN,MALE,18_to_22,9,10,17000.0
2020-07,Current,HN,MALE,23_to_27,22,22,25200.0
2020-07,Current,HN,MALE,28_to_32,23,23,18700.0
2020-07,Current,HN,MALE,33_to_37,6,6,6800.0
2020-07,Current,HN,MALE,>37,9,9,22400.0
2020-07,Current,HN,MALE,unknown,10,10,8100.0
2020-07,Current,Other Cities,FEMALE,18_to_22,34,34,37100.0
2020-07,Current,Other Cities,FEMALE,23_to_27,59,59,78100.0
2020-07,Current,Other Cities,FEMALE,28_to_32,42,42,44000.0
2020-07,Current,Other Cities,FEMALE,33_to_37,21,21,27100.0
2020-07,Current,Other Cities,FEMALE,>37,22,22,47200.0
2020-07,Current,Other Cities,FEMALE,unknown,74,74,81900.0
2020-07,Current,Other Cities,MALE,18_to_22,40,40,49500.0
2020-07,Current,Other Cities,MALE,23_to_27,94,94,124200.0
2020-07,Current,Other Cities,MALE,28_to_32,93,93,162200.0
2020-07,Current,Other Cities,MALE,33_to_37,35,35,53200.0
2020-07,Current,Other Cities,MALE,>37,32,32,67800.0
2020-07,Current,Other Cities,MALE,unknown,63,63,79900.0
2020-07,New,HCMC,FEMALE,18_to_22,1,1,1500.0
2020-07,New,HCMC,FEMALE,23_to_27,2,2,600.0
2020-07,New,HCMC,FEMALE,28_to_32,3,3,1200.0
2020-07,New,HCMC,FEMALE,33_to_37,1,1,1000.0
2020-07,New,HCMC,FEMALE,>37,3,3,1800.0
2020-07,New,HCMC,FEMALE,unknown,2,2,1200.0
2020-07,New,HCMC,MALE,18_to_22,0,0,0.0
2020-07,New,HCMC,MALE,23_to_27,0,0,0.0
2020-07,New,HCMC,MALE,28_to_32,1,1,2000.0
2020-07,New,HCMC,MALE,33_to_37,0,0,0.0
2020-07,New,HCMC,MALE,>37,0,0,0.0
2020-07,New,HCMC,MALE,unknown,1,1,2000.0
2020-07,New,HN,FEMALE,18_to_22,1,1,200.0
2020-07,New,HN,FEMALE,23_to_27,3,3,600.0
2020-07,New,HN,FEMALE,28_to_32,1,1,200.0
2020-07,New,HN,FEMALE,33_to_37,0,0,0.0
2020-07,New,HN,FEMALE,>37,0,0,0.0
2020-07,New,HN,FEMALE,unknown,0,0,0.0
2020-07,New,HN,MALE,18_to_22,0,0,0.0
2020-07,New,HN,MALE,23_to_27,1,1,6000.0
2020-07,New,HN,MALE,28_to_32,1,1,400.0
2020-07,New,HN,MALE,33_to_37,1,1,2000.0
2020-07,New,HN,MALE,>37,0,0,0.0
2020-07,New,HN,MALE,unknown,1,1,2000.0
2020-07,New,Other Cities,FEMALE,18_to_22,6,6,2200.0
2020-07,New,Other Cities,FEMALE,23_to_27,0,0,0.0
2020-07,New,Other Cities,FEMALE,28_to_32,1,1,4000.0
2020-07,New,Other Cities,FEMALE,33_to_37,4,4,3600.0
2020-07,New,Other Cities,FEMALE,>37,1,1,1000.0
2020-07,New,Other Cities,FEMALE,unknown,5,5,3800.0
2020-07,New,Other Cities,MALE,18_to_22,3,3,800.0
2020-07,New,Other Cities,MALE,23_to_27,6,6,4000.0
2020-07,New,Other Cities,MALE,28_to_32,2,2,2400.0
2020-07,New,Other Cities,MALE,33_to_37,2,2,4400.0
2020-07,New,Other Cities,MALE,>37,2,2,900.0
2020-07,New,Other Cities,MALE,unknown,17,17,22800.0
2020-08,Current,HCMC,FEMALE,18_to_22,21,21,19200.0
2020-08,Current,HCMC,FEMALE,23_to_27,40,40,40900.0
2020-08,Current,HCMC,FEMALE,28_to_32,24,24,34600.0
2020-08,Current,HCMC,FEMALE,33_to_37,34,34,69700.0
2020-08,Current,HCMC,FEMALE,>37,28,28,39800.0
2020-08,Current,HCMC,FEMALE,unknown,5,5,11600.0
2020-08,Current,HCMC,MALE,18_to_22,20,20,14700.0
2020-08,Current,HCMC,MALE,23_to_27,61,61,109600.0
2020-08,Current,HCMC,MALE,28_to_32,36,36,57800.0
2020-08,Current,HCMC,MALE,33_to_37,25,25,48100.0
2020-08,Current,HCMC,MALE,>37,38,38,54400.0
2020-08,Current,HCMC,MALE,unknown,1,1,4000.0
2020-08,Current,HN,FEMALE,18_to_22,7,7,6400.0
2020-08,Current,HN,FEMALE,23_to_27,9,9,15200.0
2020-08,Current,HN,FEMALE,28_to_32,8,8,11500.0
2020-08,Current,HN,FEMALE,33_to_37,1,1,400.0
2020-08,Current,HN,FEMALE,>37,7,7,6600.0
2020-08,Current,HN,FEMALE,unknown,12,12,14700.0
2020-08,Current,HN,MALE,18_to_22,9,9,10700.0
2020-08,Current,HN,MALE,23_to_27,18,18,20700.0
2020-08,Current,HN,MALE,28_to_32,12,12,17400.0
2020-08,Current,HN,MALE,33_to_37,13,13,29400.0
2020-08,Current,HN,MALE,>37,6,6,3300.0
2020-08,Current,HN,MALE,unknown,6,6,26400.0
2020-08,Current,Other Cities,FEMALE,18_to_22,39,39,31400.0
2020-08,Current,Other Cities,FEMALE,23_to_27,67,67,89000.0
2020-08,Current,Other Cities,FEMALE,28_to_32,53,53,87000.0
2020-08,Current,Other Cities,FEMALE,33_to_37,29,29,33200.0
2020-08,Current,Other Cities,FEMALE,>37,22,22,21300.0
2020-08,Current,Other Cities,FEMALE,unknown,72,72,67400.0
2020-08,Current,Other Cities,MALE,18_to_22,43,43,28200.0
2020-08,Current,Other Cities,MALE,23_to_27,82,82,130400.0
2020-08,Current,Other Cities,MALE,28_to_32,81,81,131400.0
2020-08,Current,Other Cities,MALE,33_to_37,43,43,75300.0
2020-08,Current,Other Cities,MALE,>37,21,21,37500.0
2020-08,Current,Other Cities,MALE,unknown,76,76,165700.0
2020-08,New,HCMC,FEMALE,18_to_22,0,0,0.0
2020-08,New,HCMC,FEMALE,23_to_27,1,1,600.0
2020-08,New,HCMC,FEMALE,28_to_32,1,1,3000.0
2020-08,New,HCMC,FEMALE,33_to_37,1,1,800.0
2020-08,New,HCMC,FEMALE,>37,1,1,200.0
2020-08,New,HCMC,FEMALE,unknown,2,2,2600.0
2020-08,New,HCMC,MALE,18_to_22,1,1,2000.0
2020-08,New,HCMC,MALE,23_to_27,1,1,300.0
2020-08,New,HCMC,MALE,28_to_32,0,0,0.0
2020-08,New,HCMC,MALE,33_to_37,1,1,200.0
2020-08,New,HCMC,MALE,>37,4,4,1700.0
2020-08,New,HCMC,MALE,unknown,1,1,200.0
2020-08,New,HN,FEMALE,18_to_22,1,1,1000.0
2020-08,New,HN,FEMALE,23_to_27,0,0,0.0
2020-08,New,HN,FEMALE,28_to_32,0,0,0.0
2020-08,New,HN,FEMALE,33_to_37,2,2,1000.0
2020-08,New,HN,FEMALE,>37,0,0,0.0
2020-08,New,HN,FEMALE,unknown,2,2,600.0
2020-08,New,HN,MALE,18_to_22,0,0,0.0
2020-08,New,HN,MALE,23_to_27,1,1,400.0
2020-08,New,HN,MALE,28_to_32,0,0,0.0
2020-08,New,HN,MALE,33_to_37,0,0,0.0
2020-08,New,HN,MALE,>37,1,1,1200.0
2020-08,New,HN,MALE,unknown,1,1,400.0
2020-08,New,Other Cities,FEMALE,18_to_22,1,1,300.0
2020-08,New,Other Cities,FEMALE,23_to_27,5,5,7000.0
2020-08,New,Other Cities,FEMALE,28_to_32,1,1,200.0
2020-08,New,Other Cities,FEMALE,33_to_37,1,1,400.0
2020-08,New,Other Cities,FEMALE,>37,3,3,1800.0
2020-08,New,Other Cities,FEMALE,unknown,18,18,8300.0
2020-08,New,Other Cities,MALE,18_to_22,6,6,5700.0
2020-08,New,Other Cities,MALE,23_to_27,8,8,4500.0
2020-08,New,Other Cities,MALE,28_to_32,3,3,800.0
2020-08,New,Other Cities,MALE,33_to_37,1,1,400.0
2020-08,New,Other Cities,MALE,>37,2,2,700.0
2020-08,New,Other Cities,MALE,unknown,13,13,7500.0
2020-09,Current,HCMC,FEMALE,18_to_22,20,20,19200.0
2020-09,Current,HCMC,FEMALE,23_to_27,33,33,56200.0
2020-09,Current,HCMC,FEMALE,28_to_32,25,25,39100.0
2020-09,Current,HCMC,FEMALE,33_to_37,9,9,17800.0
2020-09,Current,HCMC,FEMALE,>37,19,19,28500.0
2020-09,Current,HCMC,FEMALE,unknown,25,25,32400.0
2020-09,Current,HCMC,MALE,18_to_22,24,24,17400.0
2020-09,Current,HCMC,MALE,23_to_27,37,37,72100.0
2020-09,Current,HCMC,MALE,28_to_32,30,30,48000.0
2020-09,Current,HCMC,MALE,33_to_37,29,29,52000.0
2020-09,Current,HCMC,MALE,>37,20,20,31100.0
2020-09,Current,HCMC,MALE,unknown,21,21,46800.0
2020-09,Current,HN,FEMALE,18_to_22,11,11,10000.0
2020-09,Current,HN,FEMALE,23_to_27,9,9,10400.0
2020-09,Current,HN,FEMALE,28_to_32,5,5,2400.0
2020-09,Current,HN,FEMALE,33_to_37,5,5,12800.0
2020-09,Current,HN,FEMALE,>37,13,13,15500.0
2020-09,Current,HN,FEMALE,unknown,6,6,10400.0
2020-09,Current,HN,MALE,18_to_22,10,10,6200.0
2020-09,Current,HN,MALE,23_to_27,25,25,51100.0
2020-09,Current,HN,MALE,28_to_32,13,13,18800.0
2020-09,Current,HN,MALE,33_to_37,9,9,12200.0
2020-09,Current,HN,MALE,>37,6,6,12700.0
2020-09,Current,HN,MALE,unknown,11,11,15800.0
2020-09,Current,Other Cities,FEMALE,18_to_22,35,35,31100.0
2020-09,Current,Other Cities,FEMALE,23_to_27,67,67,111600.0
2020-09,Current,Other Cities,FEMALE,28_to_32,48,48,66000.0
2020-09,Current,Other Cities,FEMALE,33_to_37,41,41,61800.0
2020-09,Current,Other Cities,FEMALE,>37,33,33,40600.0
2020-09,Current,Other Cities,FEMALE,unknown,54,54,79000.0
2020-09,Current,Other Cities,MALE,18_to_22,55,55,54200.0
2020-09,Current,Other Cities,MALE,23_to_27,109,109,159200.0
2020-09,Current,Other Cities,MALE,28_to_32,101,101,148100.0
2020-09,Current,Other Cities,MALE,33_to_37,55,55,88200.0
2020-09,Current,Other Cities,MALE,>37,31,31,54200.0
2020-09,Current,Other Cities,MALE,unknown,63,63,93400.0
2020-09,New,HCMC,FEMALE,18_to_22,0,0,0.0
2020-09,New,HCMC,FEMALE,23_to_27,0,0,0.0
2020-09,New,HCMC,FEMALE,28_to_32,1,1,3000.0
2020-09,New,HCMC,FEMALE,33_to_37,1,1,400.0
2020-09,New,HCMC,FEMALE,>37,0,0,0.0
2020-09,New,HCMC,FEMALE,unknown,0,0,0.0
2020-09,New,HCMC,MALE,18_to_22,0,0,0.0
2020-09,New,HCMC,MALE,23_to_27,1,1,2000.0
2020-09,New,HCMC,MALE,28_to_32,0,0,0.0
2020-09,New,HCMC,MALE,33_to_37,1,1,200.0
2020-09,New,HCMC,MALE,>37,1,1,400.0
2020-09,New,HCMC,MALE,unknown,3,3,1600.0
2020-09,New,HN,FEMALE,18_to_22,0,0,0.0
2020-09,New,HN,FEMALE,23_to_27,1,1,400.0
2020-09,New,HN,FEMALE,28_to_32,0,0,0.0
2020-09,New,HN,FEMALE,33_to_37,0,0,0.0
2020-09,New,HN,FEMALE,>37,0,0,0.0
2020-09,New,HN,FEMALE,unknown,3,3,1200.0
2020-09,New,HN,MALE,18_to_22,0,0,0.0
2020-09,New,HN,MALE,23_to_27,1,1,1000.0
2020-09,New,HN,MALE,28_to_32,0,0,0.0
2020-09,New,HN,MALE,33_to_37,1,1,200.0
2020-09,New,HN,MALE,>37,0,0,0.0
2020-09,New,HN,MALE,unknown,5,5,2000.0
2020-09,New,Other Cities,FEMALE,18_to_22,0,0,0.0
2020-09,New,Other Cities,FEMALE,23_to_27,3,3,5400.0
2020-09,New,Other Cities,FEMALE,28_to_32,0,0,0.0
2020-09,New,Other Cities,FEMALE,33_to_37,1,1,200.0
2020-09,New,Other Cities,FEMALE,>37,3,3,4300.0
2020-09,New,Other Cities,FEMALE,unknown,24,24,18200.0
2020-09,New,Other Cities,MALE,18_to_22,5,5,6000.0
2020-09,New,Other Cities,MALE,23_to_27,2,2,600.0
2020-09,New,Other Cities,MALE,28_to_32,2,2,600.0
2020-09,New,Other Cities,MALE,33_to_37,4,4,5800.0
2020-09,New,Other Cities,MALE,>37,0,0,0.0
2020-09,New,Other Cities,MALE,unknown,19,19,22400.0
2020-10,Current,HCMC,FEMALE,18_to_22,13,13,9000.0
2020-10,Current,HCMC,FEMALE,23_to_27,40,40,31100.0
2020-10,Current,HCMC,FEMALE,28_to_32,38,38,61600.0
2020-10,Current,HCMC,FEMALE,33_to_37,24,24,40200.0
2020-10,Current,HCMC,FEMALE,>37,30,30,51600.0
2020-10,Current,HCMC,FEMALE,unknown,0,0,0.0
2020-10,Current,HCMC,MALE,18_to_22,33,33,41200.0
2020-10,Current,HCMC,MALE,23_to_27,43,43,52900.0
2020-10,Current,HCMC,MALE,28_to_32,37,37,52000.0
2020-10,Current,HCMC,MALE,33_to_37,43,44,106600.0
2020-10,Current,HCMC,MALE,>37,37,37,57400.0
2020-10,Current,HCMC,MALE,unknown,1,1,3000.0
2020-10,Current,HN,FEMALE,18_to_22,6,6,8600.0
2020-10,Current,HN,FEMALE,23_to_27,6,6,7000.0
2020-10,Current,HN,FEMALE,28_to_32,5,5,3800.0
2020-10,Current,HN,FEMALE,33_to_37,6,6,9300.0
2020-10,Current,HN,FEMALE,>37,3,3,800.0
2020-10,Current,HN,FEMALE,unknown,5,5,6800.0
2020-10,Current,HN,MALE,18_to_22,12,12,4400.0
2020-10,Current,HN,MALE,23_to_27,10,10,27300.0
2020-10,Current,HN,MALE,28_to_32,12,12,31600.0
2020-10,Current,HN,MALE,33_to_37,14,14,28800.0
2020-10,Current,HN,MALE,>37,8,8,28100.0
2020-10,Current,HN,MALE,unknown,13,13,11000.0
2020-10,Current,Other Cities,FEMALE,18_to_22,36,36,36100.0
2020-10,Current,Other Cities,FEMALE,23_to_27,68,68,70700.0
2020-10,Current,Other Cities,FEMALE,28_to_32,47,47,50600.0
2020-10,Current,Other Cities,FEMALE,33_to_37,41,41,51800.0
2020-10,Current,Other Cities,FEMALE,>37,16,16,43900.0
2020-10,Current,Other Cities,FEMALE,unknown,76,76,111500.0
2020-10,Current,Other Cities,MALE,18_to_22,40,40,46500.0
2020-10,Current,Other Cities,MALE,23_to_27,112,113,131100.0
2020-10,Current,Other Cities,MALE,28_to_32,85,85,108100.0
2020-10,Current,Other Cities,MALE,33_to_37,58,58,78600.0
2020-10,Current,Other Cities,MALE,>37,31,31,74500.0
2020-10,Current,Other Cities,MALE,unknown,81,81,140500.0
2020-10,New,HCMC,FEMALE,18_to_22,0,0,0.0
2020-10,New,HCMC,FEMALE,23_to_27,0,0,0.0
2020-10,New,HCMC,FEMALE,28_to_32,0,0,0.0
2020-10,New,HCMC,FEMALE,33_to_37,1,1,600.0
2020-10,New,HCMC,FEMALE,>37,2,2,2500.0
2020-10,New,HCMC,FEMALE,unknown,0,0,0.0
2020-10,New,HCMC,MALE,18_to_22,1,1,300.0
2020-10,New,HCMC,MALE,23_to_27,1,1,1500.0
2020-10,New,HCMC,MALE,28_to_32,1,1,200.0
2020-10,New,HCMC,MALE,33_to_37,0,0,0.0
2020-10,New,HCMC,MALE,>37,1,1,1000.0
2020-10,New,HCMC,MALE,unknown,0,0,0.0
2020-10,New,HN,FEMALE,18_to_22,1,1,200.0
2020-10,New,HN,FEMALE,23_to_27,0,0,0.0
2020-10,New,HN,FEMALE,28_to_32,0,0,0.0
2020-10,New,HN,FEMALE,33_to_37,0,0,0.0
2020-10,New,HN,FEMALE,>37,2,2,800.0
2020-10,New,HN,FEMALE,unknown,0,0,0.0
2020-10,New,HN,MALE,18_to_22,0,0,0.0
2020-10,New,HN,MALE,23_to_27,1,1,400.0
2020-10,New,HN,MALE,28_to_32,0,0,0.0
2020-10,New,HN,MALE,33_to_37,1,1,400.0
2020-10,New,HN,MALE,>37,1,1,400.0
2020-10,New,HN,MALE,unknown,0,0,0.0
2020-10,New,Other Cities,FEMALE,18_to_22,1,1,200.0
2020-10,New,Other Cities,FEMALE,23_to_27,0,0,0.0
2020-10,New,Other Cities,FEMALE,28_to_32,0,0,0.0
2020-10,New,Other Cities,FEMALE,33_to_37,3,3,2500.0
2020-10,New,Other Cities,FEMALE,>37,1,1,300.0
2020-10,New,Other Cities,FEMALE,unknown,30,30,28100.0
2020-10,New,Other Cities,MALE,18_to_22,5,5,2400.0
2020-10,New,Other Cities,MALE,23_to_27,0,0,0.0
2020-10,New,Other Cities,MALE,28_to_32,1,1,1000.0
2020-10,New,Other Cities,MALE,33_to_37,6,6,3900.0
2020-10,New,Other Cities,MALE,>37,2,2,5000.0
2020-10,New,Other Cities,MALE,unknown,17,17,21200.0
2020-11,Current,HCMC,FEMALE,18_to_22,19,19,12900.0
2020-11,Current,HCMC,FEMALE,23_to_27,40,40,32500.0
2020-11,Current,HCMC,FEMALE,28_to_32,19,19,19000.0
2020-11,Current,HCMC,FEMALE,33_to_37,35,35,46500.0
2020-11,Current,HCMC,FEMALE,>37,20,20,54600.0
2020-11,Current,HCMC,FEMALE,unknown,0,0,0.0
2020-11,Current,HCMC,MALE,18_to_22,28,28,33300.0
2020-11,Current,HCMC,MALE,23_to_27,48,48,65700.0
2020-11,Current,HCMC,MALE,28_to_32,32,32,41500.0
2020-11,Current,HCMC,MALE,33_to_37,40,40,79400.0
2020-11,Current,HCMC,MALE,>37,18,18,42000.0
2020-11,Current,HCMC,MALE,unknown,0,0,0.0
2020-11,Current,HN,FEMALE,18_to_22,10,10,3300.0
2020-11,Current,HN,FEMALE,23_to_27,5,5,23800.0
2020-11,Current,HN,FEMALE,28_to_32,7,7,3000.0
2020-11,Current,HN,FEMALE,33_to_37,4,4,5400.0
2020-11,Current,HN,FEMALE,>37,8,8,10500.0
2020-11,Current,HN,FEMALE,unknown,3,3,5900.0
2020-11,Current,HN,MALE,18_to_22,12,12,8800.0
2020-11,Current,HN,MALE,23_to_27,14,14,10700.0
2020-11,Current,HN,MALE,28_to_32,19,19,20400.0
2020-11,Current,HN,MALE,33_to_37,7,7,16800.0
2020-11,Current,HN,MALE,>37,8,8,13400.0
2020-11,Current,HN,MALE,unknown,8,8,10200.0
2020-11,Current,Other Cities,FEMALE,18_to_22,36,36,33900.0
2020-11,Current,Other Cities,FEMALE,23_to_27,61,61,54500.0
2020-11,Current,Other Cities,FEMALE,28_to_32,52,52,48500.0
2020-11,Current,Other Cities,FEMALE,33_to_37,23,23,31600.0
2020-11,Current,Other Cities,FEMALE,>37,25,25,27300.0
2020-11,Current,Other Cities,FEMALE,unknown,87,87,113900.0
2020-11,Current,Other Cities,MALE,18_to_22,53,54,45400.0
2020-11,Current,Other Cities,MALE,23_to_27,95,95,105400.0
2020-11,Current,Other Cities,MALE,28_to_32,107,107,120700.0
2020-11,Current,Other Cities,MALE,33_to_37,48,48,65100.0
2020-11,Current,Other Cities,MALE,>37,43,43,86200.0
2020-11,Current,Other Cities,MALE,unknown,90,90,176900.0
2020-11,New,HCMC,FEMALE,18_to_22,0,0,0.0
2020-11,New,HCMC,FEMALE,23_to_27,0,0,0.0
2020-11,New,HCMC,FEMALE,28_to_32,0,0,0.0
2020-11,New,HCMC,FEMALE,33_to_37,0,0,0.0
2020-11,New,HCMC,FEMALE,>37,0,0,0.0
2020-11,New,HCMC,FEMALE,unknown,0,0,0.0
2020-11,New,HCMC,MALE,18_to_22,0,0,0.0
2020-11,New,HCMC,MALE,23_to_27,0,0,0.0
2020-11,New,HCMC,MALE,28_to_32,0,0,0.0
2020-11,New,HCMC,MALE,33_to_37,3,3,2500.0
2020-11,New,HCMC,MALE,>37,0,0,0.0
2020-11,New,HCMC,MALE,unknown,0,0,0.0
2020-11,New,HN,FEMALE,18_to_22,0,0,0.0
2020-11,New,HN,FEMALE,23_to_27,0,0,0.0
2020-11,New,HN,FEMALE,28_to_32,0,0,0.0
2020-11,New,HN,FEMALE,33_to_37,1,1,200.0
2020-11,New,HN,FEMALE,>37,0,0,0.0
2020-11,New,HN,FEMALE,unknown,1,1,200.0
2020-11,New,HN,MALE,18_to_22,0,0,0.0
2020-11,New,HN,MALE,23_to_27,0,0,0.0
2020-11,New,HN,MALE,28_to_32,2,2,400.0
2020-11,New,HN,MALE,33_to_37,2,2,700.0
2020-11,New,HN,MALE,>37,0,0,0.0
2020-11,New,HN,MALE,unknown,2,2,5000.0
2020-11,New,Other Cities,FEMALE,18_to_22,1,1,200.0
2020-11,New,Other Cities,FEMALE,23_to_27,1,1,600.0
2020-11,New,Other Cities,FEMALE,28_to_32,5,5,1400.0
2020-11,New,Other Cities,FEMALE,33_to_37,1,1,400.0
2020-11,New,Other Cities,FEMALE,>37,2,2,1900.0
2020-11,New,Other Cities,FEMALE,unknown,26,26,15200.0
2020-11,New,Other Cities,MALE,18_to_22,5,5,3500.0
2020-11,New,Other Cities,MALE,23_to_27,5,5,3000.0
2020-11,New,Other Cities,MALE,28_to_32,6,6,3200.0
2020-11,New,Other Cities,MALE,33_to_37,1,1,1000.0
2020-11,New,Other Cities,MALE,>37,1,1,400.0
2020-11,New,Other Cities,MALE,unknown,25,25,30500.0
2020-12,Current,HCMC,FEMALE,18_to_22,18,19,26100.0
2020-12,Current,HCMC,FEMALE,23_to_27,34,34,47000.0
2020-12,Current,HCMC,FEMALE,28_to_32,36,38,69900.0
2020-12,Current,HCMC,FEMALE,33_to_37,59,61,95700.0
2020-12,Current,HCMC,FEMALE,>37,14,14,23700.0
2020-12,Current,HCMC,FEMALE,unknown,0,0,0.0
2020-12,Current,HCMC,MALE,18_to_22,23,24,32400.0
2020-12,Current,HCMC,MALE,23_to_27,49,49,69200.0
2020-12,Current,HCMC,MALE,28_to_32,41,41,66300.0
2020-12,Current,HCMC,MALE,33_to_37,56,56,83900.0
2020-12,Current,HCMC,MALE,>37,10,10,14200.0
2020-12,Current,HCMC,MALE,unknown,0,0,0.0
2020-12,Current,HN,FEMALE,18_to_22,8,8,3400.0
2020-12,Current,HN,FEMALE,23_to_27,13,13,58600.0
2020-12,Current,HN,FEMALE,28_to_32,7,7,4700.0
2020-12,Current,HN,FEMALE,33_to_37,7,7,4500.0
2020-12,Current,HN,FEMALE,>37,5,5,6800.0
2020-12,Current,HN,FEMALE,unknown,6,6,5600.0
2020-12,Current,HN,MALE,18_to_22,10,10,11200.0
2020-12,Current,HN,MALE,23_to_27,20,20,18500.0
2020-12,Current,HN,MALE,28_to_32,14,15,30400.0
2020-12,Current,HN,MALE,33_to_37,7,7,10500.0
2020-12,Current,HN,MALE,>37,9,10,17000.0
2020-12,Current,HN,MALE,unknown,10,10,12600.0
2020-12,Current,Other Cities,FEMALE,18_to_22,35,37,33600.0
2020-12,Current,Other Cities,FEMALE,23_to_27,63,65,76400.0
2020-12,Current,Other Cities,FEMALE,28_to_32,39,39,40900.0
2020-12,Current,Other Cities,FEMALE,33_to_37,29,30,39600.0
2020-12,Current,Other Cities,FEMALE,>37,33,33,30100.0
2020-12,Current,Other Cities,FEMALE,unknown,87,90,145800.0
2020-12,Current,Other Cities,MALE,18_to_22,55,55,58300.0
2020-12,Current,Other Cities,MALE,23_to_27,80,81,84300.0
2020-12,Current,Other Cities,MALE,28_to_32,88,88,103500.0
2020-12,Current,Other Cities,MALE,33_to_37,51,51,47500.0
2020-12,Current,Other Cities,MALE,>37,44,46,51100.0
2020-12,Current,Other Cities,MALE,unknown,98,99,135500.0
2020-12,New,HCMC,FEMALE,18_to_22,0,0,0.0
2020-12,New,HCMC,FEMALE,23_to_27,0,0,0.0
2020-12,New,HCMC,FEMALE,28_to_32,0,0,0.0
2020-12,New,HCMC,FEMALE,33_to_37,2,2,4400.0
2020-12,New,HCMC,FEMALE,>37,0,0,0.0
2020-12,New,HCMC,FEMALE,unknown,0,0,0.0
2020-12,New,HCMC,MALE,18_to_22,2,2,3000.0
2020-12,New,HCMC,MALE,23_to_27,2,2,3000.0
2020-12,New,HCMC,MALE,28_to_32,0,0,0.0
2020-12,New,HCMC,MALE,33_to_37,2,2,1200.0
2020-12,New,HCMC,MALE,>37,1,2,7000.0
2020-12,New,HCMC,MALE,unknown,0,0,0.0
2020-12,New,HN,FEMALE,18_to_22,1,1,400.0
2020-12,New,HN,FEMALE,23_to_27,0,0,0.0
2020-12,New,HN,FEMALE,28_to_32,0,0,0.0
2020-12,New,HN,FEMALE,33_to_37,0,0,0.0
2020-12,New,HN,FEMALE,>37,1,1,200.0
2020-12,New,HN,FEMALE,unknown,0,0,0.0
2020-12,New,HN,MALE,18_to_22,1,1,400.0
2020-12,New,HN,MALE,23_to_27,0,0,0.0
2020-12,New,HN,MALE,28_to_32,0,0,0.0
2020-12,New,HN,MALE,33_to_37,0,0,0.0
2020-12,New,HN,MALE,>37,0,0,0.0
2020-12,New,HN,MALE,unknown,1,1,400.0
2020-12,New,Other Cities,FEMALE,18_to_22,4,4,2800.0
2020-12,New,Other Cities,FEMALE,23_to_27,4,4,5100.0
2020-12,New,Other Cities,FEMALE,28_to_32,0,0,0.0
2020-12,New,Other Cities,FEMALE,33_to_37,1,1,600.0
2020-12,New,Other Cities,FEMALE,>37,4,4,1400.0
2020-12,New,Other Cities,FEMALE,unknown,18,18,23800.0
2020-12,New,Other Cities,MALE,18_to_22,1,1,400.0
2020-12,New,Other Cities,MALE,23_to_27,1,1,600.0
2020-12,New,Other Cities,MALE,28_to_32,1,1,800.0
2020-12,New,Other Cities,MALE,33_to_37,1,1,4000.0
2020-12,New,Other Cities,MALE,>37,3,3,1200.0
2020-12,New,Other Cities,MALE,unknown,25,25,18700.0
